Category,TotalProfit
"Office Supplies",1038.2770000000005
Technology,843.4259999999997
Furniture,-1833.2059000000004
