Category,TotalSales
Furniture,13634.323700000003
"Office Supplies",6648.034000000001
Technology,6091.704
